uniqueid,healthid,uploadtime,recordtime,externalid,height,weight,age,gender,wear,wrist,airbag
bb7d64fdd0ff4dab88ea1e87c275f500_test_F0:FA:C7:49:69:AF,bb7d64fdd0ff4dab88ea1e87c275f500,2026-07-19 21:32:04,2026-07-19 21:32:04,test,172,65,24,男,左手佩戴,150,M
bb7d64fdd0ff4dab88ea1e87c275f500_test_64:B0:E8:4D:43:E3,bb7d64fdd0ff4dab88ea1e87c275f500,2026-07-19 18:39:38,2026-07-19 18:39:38,test,171,66,24,男,右手佩戴,150,M
6fd88d4a70aa47898a1435ebb6cf60fe_HNU21041_F0:FA:C7:49:66:B1,6fd88d4a70aa47898a1435ebb6cf60fe,2026-08-01 23:06:12,2026-08-01 23:06:12,HNU21041,171,67,23,男,左手佩戴,151,M
a65f41c8af79414aba9149fe0b965c63_HNU21043_F0:FA:C7:49:5F:98,a65f41c8af79414aba9149fe0b965c63,2026-07-30 15:06:28,2026-07-30 15:06:28,HNU21043,175,68,24,男,左手佩戴,150,M
e85e3288a5dc44699806180319363b0a_HNU21026_F0:FA:C7:49:67:DE,e85e3288a5dc44699806180319363b0a,2026-07-29 15:24:45,2026-07-29 15:24:45,HNU21026,175,80,24,男,左手佩戴,151,M
4891b4b37c68423db3cd38cd36d3b86c_HNU21042_F0:FA:C7:49:61:9D,4891b4b37c68423db3cd38cd36d3b86c,2026-07-29 13:52:36,2026-07-29 13:52:36,HNU21042,168,52,24,女,左手佩戴,150,M
96494c3bfa6342fbbaf56f208f3ac4b3_hnu21033_F0:FA:C7:49:67:CE,96494c3bfa6342fbbaf56f208f3ac4b3,2026-07-27 23:36:45,2026-07-27 23:36:45,hnu21033,170,58,23,男,左手佩戴,150,M
ac7f3ee48d344a5e91337f94ff1120a7_HNU21036_F0:FA:C7:49:66:F7,ac7f3ee48d344a5e91337f94ff1120a7,2026-07-27 12:40:14,2026-07-27 12:40:14,HNU21036,166,49,23,女,左手佩戴,144,M
6464b6cb7d644feb887dface33e3d931_HNU21040_F0:FA:C7:49:66:C7,6464b6cb7d644feb887dface33e3d931,2026-07-27 10:25:57,2026-07-27 10:25:57,HNU21040,173,60,24,男,右手佩戴,150,M
6464b6cb7d644feb887dface33e3d931_6C7_F0:FA:C7:49:66:C7,6464b6cb7d644feb887dface33e3d931,2026-07-26 10:12:07,2026-07-26 10:12:07,6C7,173,60,24,男,左手佩戴,150,M
dc69dbd7fb3f4b579381336cad378658_6C7_F0:FA:C7:49:66:C7,dc69dbd7fb3f4b579381336cad378658,2026-07-25 21:35:10,2026-07-25 21:35:10,6C7,170,60,26,男,左手佩戴,150,M
dc69dbd7fb3f4b579381336cad378658_HNU21040_F0:FA:C7:49:66:C7,dc69dbd7fb3f4b579381336cad378658,2026-07-25 21:08:08,2026-07-25 21:08:08,HNU21040,175,65,24,男,左手佩戴,150,M
eb1d90636add45649482df9d35b161a3_HNU21039_F0:FA:C7:49:68:B5,eb1d90636add45649482df9d35b161a3,2026-07-25 14:21:39,2026-07-25 14:21:39,HNU21039,174,59,23,男,左手佩戴,150,M
7dbdcac93f34498bb011e1f8fff523a7_HNU21038_F0:FA:C7:49:67:DE,7dbdcac93f34498bb011e1f8fff523a7,2026-07-25 14:11:07,2026-07-25 14:11:07,HNU21038,180,73,23,男,左手佩戴,150,M
327cdadd6c344aefbac454510de80feb_HNU21037_F0:FA:C7:49:66:B1,327cdadd6c344aefbac454510de80feb,2026-07-25 13:10:08,2026-07-25 13:10:08,HNU21037,162,47,23,女,左手佩戴,150,M
cdbdec220d1e4e9c943996e19493fc8d_HNU21019_F0:FA:C7:49:6A:66,cdbdec220d1e4e9c943996e19493fc8d,2026-07-25 00:49:14,2026-07-25 00:49:14,HNU21019,170,73,24,男,左手佩戴,150,M
a597c6c8b25b43b795c1d21c9f2e75e2_AC3_F0:FA:C7:49:6A:C3,a597c6c8b25b43b795c1d21c9f2e75e2,2026-07-24 19:58:49,2026-07-24 19:58:49,AC3,175,79,23,男,左手佩戴,152,M
170db45dc53c43959ae90ba583d1eebb_HNU21035_F0:FA:C7:49:67:C0,170db45dc53c43959ae90ba583d1eebb,2026-07-24 17:48:00,2026-07-24 17:48:00,HNU21035,172,75,28,男,左手佩戴,153,M
409b7e96b666471d8dcc932d82c7ab39_HNU21034_F0:FA:C7:49:67:C2,409b7e96b666471d8dcc932d82c7ab39,2026-07-24 17:46:04,2026-07-24 17:46:04,HNU21034,164,65,23,女,左手佩戴,150,M
c05d4c6974e840e0a1329c11d8810578_HNU21032_F0:FA:C7:49:69:AF,c05d4c6974e840e0a1329c11d8810578,2026-07-24 16:56:36,2026-07-24 16:56:36,HNU21032,180,80,24,男,左手佩戴,159,M
3d7118f66e764ae0a01a7b6ac11d770a_HNU21031_F0:FA:C7:49:69:7E,3d7118f66e764ae0a01a7b6ac11d770a,2026-07-24 16:49:51,2026-07-24 16:49:51,HNU21031,180,70,23,男,左手佩戴,150,M
a597c6c8b25b43b795c1d21c9f2e75e2_HNU21030_F0:FA:C7:49:6A:C3,a597c6c8b25b43b795c1d21c9f2e75e2,2026-07-24 16:24:13,2026-07-24 16:24:13,HNU21030,175,79,23,男,左手佩戴,152,M
7af8278c162b4b69b9993ee90a217721_HNU21029_F0:FA:C7:49:69:90,7af8278c162b4b69b9993ee90a217721,2026-07-24 16:02:53,2026-07-24 16:02:53,HNU21029,176,82,25,男,左手佩戴,150,M
7af8278c162b4b69b9993ee90a217721_HNU21028_F0:FA:C7:49:69:9A,7af8278c162b4b69b9993ee90a217721,2026-07-24 15:59:36,2026-07-24 15:59:36,HNU21028,183,70,28,男,左手佩戴,150,M
7af8278c162b4b69b9993ee90a217721_HNV21028_F0:FA:C7:49:69:9A,7af8278c162b4b69b9993ee90a217721,2026-07-24 15:59:24,2026-07-24 15:59:24,HNV21028,183,70,28,男,左手佩戴,150,M
35dbc90e48c447c38ff59e434e323fa3_HNU21027_F0:FA:C7:49:68:8F,35dbc90e48c447c38ff59e434e323fa3,2026-07-24 15:37:31,2026-07-24 15:37:31,HNU21027,175,75,26,男,左手佩戴,150,M
e85e3288a5dc44699806180319363b0a_HNU21026j_F0:FA:C7:49:67:DB,e85e3288a5dc44699806180319363b0a,2026-07-24 15:19:16,2026-07-24 15:19:16,HNU21026j,175,81,24,男,左手佩戴,151,M
d427d238f06445a0be6cd0cac08b3c65_HNU21012_F0:FA:C7:49:66:B1,d427d238f06445a0be6cd0cac08b3c65,2026-07-24 11:23:36,2026-07-24 11:23:36,HNU21012,160,57,24,女,左手佩戴,150,M
da7de757de22487d88d58553ec2a2166_HNU21017_F0:FA:C7:49:6A:8B,da7de757de22487d88d58553ec2a2166,2026-07-24 00:52:13,2026-07-24 00:52:13,HNU21017,166,53,23,女,左手佩戴,148,M
d5364f2506d0487b9c3a05939d5f891d_HNU21016_F0:FA:C7:49:68:B5,d5364f2506d0487b9c3a05939d5f891d,2026-07-23 19:06:02,2026-07-23 19:06:02,HNU21016,163,55,24,女,左手佩戴,150,M
45a6f0b98c984c9e9e94cef60e9347c0_HNU21008_F0:FA:C7:49:66:90,45a6f0b98c984c9e9e94cef60e9347c0,2026-07-23 09:24:56,2026-07-23 09:24:56,HNU21008,177,103,26,男,左手佩戴,152,M
05d6fc6ae8e1437f968a9570471e7f74_HNU21022_F0:FA:C7:49:67:DF,05d6fc6ae8e1437f968a9570471e7f74,2026-07-22 23:41:23,2026-07-22 23:41:23,HNU21022,160,61,25,女,左手佩戴,150,M
fa66ba005b594f22bd0f054d3ef5af23_HNU21021_F0:FA:C7:49:5F:98,fa66ba005b594f22bd0f054d3ef5af23,2026-07-22 20:16:37,2026-07-22 20:16:37,HNU21021,175,75,22,男,左手佩戴,150,M
2cd18021c05a42c2a8a38d5fa6c39570_HNU21006_F0:FA:C7:49:67:DB,2cd18021c05a42c2a8a38d5fa6c39570,2026-07-22 18:37:04,2026-07-22 18:37:04,HNU21006,181,76,25,男,左手佩戴,150,M
d72cb867e30342acb0b3e151111820e0_HNU21014_F0:FA:C7:49:69:7E,d72cb867e30342acb0b3e151111820e0,2026-07-22 16:50:24,2026-07-22 16:50:24,HNU21014,168,70,25,男,左手佩戴,150,M
1eeb0b499d674a78ac0f2ff58ec4cee9_HNU21025_F0:FA:C7:49:67:DE,1eeb0b499d674a78ac0f2ff58ec4cee9,2026-07-22 12:41:51,2026-07-22 12:41:51,HNU21025,178,68,26,男,左手佩戴,150,M
0e5a3c71c1244bc2ba9c2879c143e77c_7DE_F0:FA:C7:49:67:DE,0e5a3c71c1244bc2ba9c2879c143e77c,2026-07-22 12:34:14,2026-07-22 12:34:14,7DE,170,60,26,男,左手佩戴,150,M
40c50fa2dfe54755aed56bfb20c64ff0_HNU21007_F0:FA:C7:49:69:8E,40c50fa2dfe54755aed56bfb20c64ff0,2026-07-22 12:28:49,2026-07-22 12:28:49,HNU21007,178,69,23,男,左手佩戴,150,M
40c50fa2dfe54755aed56bfb20c64ff0_HNU_F0:FA:C7:49:69:8E,40c50fa2dfe54755aed56bfb20c64ff0,2026-07-21 23:32:20,2026-07-21 23:32:20,HNU,178,68,23,男,左手佩戴,150,M
40c50fa2dfe54755aed56bfb20c64ff0_9HNU21007_F0:FA:C7:49:69:8E,40c50fa2dfe54755aed56bfb20c64ff0,2026-07-21 23:27:44,2026-07-21 23:27:44,9HNU21007,177,68,23,男,左手佩戴,150,M
5251f62caa604ee69868f7ab9396904f_HNU212020873_F0:FA:C7:49:68:73,5251f62caa604ee69868f7ab9396904f,2026-07-21 19:58:40,2026-07-21 19:58:40,HNU212020873,180,80,26,男,左手佩戴,150,M
5251f62caa604ee69868f7ab9396904f_HNU212020_F0:FA:C7:49:68:73,5251f62caa604ee69868f7ab9396904f,2026-07-21 19:58:25,2026-07-21 19:58:25,HNU212020,180,80,26,男,左手佩戴,150,M
5251f62caa604ee69868f7ab9396904f_873_F0:FA:C7:49:68:73,5251f62caa604ee69868f7ab9396904f,2026-07-21 19:49:31,2026-07-21 19:49:31,873,180,80,26,男,左手佩戴,150,M
5251f62caa604ee69868f7ab9396904f_HNU21020_F0:FA:C7:49:68:73,5251f62caa604ee69868f7ab9396904f,2026-07-21 19:46:17,2026-07-21 19:46:17,HNU21020,180,80,26,男,左手佩戴,150,M
31ee3811604d49f6a6221ee3164ee2a2_HNU21015_F0:FA:C7:49:69:D5,31ee3811604d49f6a6221ee3164ee2a2,2026-07-21 17:06:48,2026-07-21 17:06:48,HNU21015,168,53,28,女,左手佩戴,150,M
2341c0bd05c245b48227e801f12ef777_HNU21024_F0:FA:C7:49:66:C7,2341c0bd05c245b48227e801f12ef777,2026-07-21 16:42:30,2026-07-21 16:42:30,HNU21024,178,70,25,男,左手佩戴,150,M
a65f41c8af79414aba9149fe0b965c63_HNU21018_F0:FA:C7:49:61:9D,a65f41c8af79414aba9149fe0b965c63,2026-07-21 16:03:49,2026-07-21 16:03:49,HNU21018,175,69,24,男,左手佩戴,150,M
8968798a05794717937cb791b395f7e5_HNU21023_F0:FA:C7:49:69:22,8968798a05794717937cb791b395f7e5,2026-07-21 16:01:52,2026-07-21 16:01:52,HNU21023,151,40,23,女,右手佩戴,144,M
6b7be900a0c4463eb6ae232f43e9360f_HNU21011_F0:FA:C7:49:67:C2,6b7be900a0c4463eb6ae232f43e9360f,2026-07-21 02:28:50,2026-07-21 02:28:50,HNU21011,176,63,23,男,左手佩戴,150,M
45a6f0b98c984c9e9e94cef60e9347c0_HNU20008_F0:FA:C7:49:66:90,45a6f0b98c984c9e9e94cef60e9347c0,2026-07-21 00:05:56,2026-07-21 00:05:56,HNU20008,177,103,26,男,左手佩戴,152,M
0e5a3c71c1244bc2ba9c2879c143e77c_HNU21007_F0:FA:C7:49:69:8E,0e5a3c71c1244bc2ba9c2879c143e77c,2026-07-20 23:49:00,2026-07-20 23:49:00,HNU21007,178,69,23,男,左手佩戴,150,M
bdd40cc9c9924b19ba892059f50f5317_HNU21010_F0:FA:C7:49:66:F7,bdd40cc9c9924b19ba892059f50f5317,2026-07-20 23:11:50,2026-07-20 23:11:50,HNU21010,173,65,23,男,左手佩戴,151,M
0e5a3c71c1244bc2ba9c2879c143e77c_98E_F0:FA:C7:49:69:8E,0e5a3c71c1244bc2ba9c2879c143e77c,2026-07-20 21:34:54,2026-07-20 21:34:54,98E,168,60,26,男,左手佩戴,150,M
0a360ab44f314a04aee90c23081d76c9_HNU21009_F0:FA:C7:49:69:90,0a360ab44f314a04aee90c23081d76c9,2026-07-20 21:14:05,2026-07-20 21:14:05,HNU21009,170,66,23,男,左手佩戴,150,M
76f1f63d9b6b4b93b78c3404d9195ff0_HNU 21013_F0:FA:C7:49:67:C0,76f1f63d9b6b4b93b78c3404d9195ff0,2026-07-20 20:56:03,2026-07-20 20:56:03,HNU 21013,157,62,25,女,左手佩戴,150,M
0b2abbd439fc46fc992477362f6b9a75_HNU21005_F0:FA:C7:49:6A:C3,0b2abbd439fc46fc992477362f6b9a75,2026-07-20 16:34:12,2026-07-20 16:34:12,HNU21005,158,46,23,女,左手佩戴,150,M
cbceb07f957f4a01a67c55e8931823f4_HNU21004_F0:FA:C7:49:67:CE,cbceb07f957f4a01a67c55e8931823f4,2026-07-20 16:24:43,2026-07-20 16:24:43,HNU21004,170,51,25,男,左手佩戴,150,M
eb3e1f8c9f8d434c83cdb803668f1cea_HNU21003_F0:FA:C7:49:69:AF,eb3e1f8c9f8d434c83cdb803668f1cea,2026-07-20 16:19:50,2026-07-20 16:19:50,HNU21003,160,47,24,女,左手佩戴,140,M
7d7a2ffd9ce0464286ede8776b8acb9b_HNU21002_F0:FA:C7:49:68:8F,7d7a2ffd9ce0464286ede8776b8acb9b,2026-07-20 16:07:28,2026-07-20 16:07:28,HNU21002,167,57,23,女,左手佩戴,153,M
bb7d64fdd0ff4dab88ea1e87c275f500_HNU21001_F0:FA:C7:49:69:9A,bb7d64fdd0ff4dab88ea1e87c275f500,2026-07-20 16:02:51,2026-07-20 16:02:51,HNU21001,172,74,24,男,左手佩戴,150,M
